"","location_name","cause_id","cause_name","age_name","sex_name","val","population","measure_name"
"1","HeB",294,"All causes","15-25",1,172.161082367853,263915.22167522,"deaths"
"2","HeB",294,"All causes","31-35",1,624.129299081272,466536.650506972,"deaths"
"3","HeB",294,"All causes","36-40",2,136.964160105706,203616.211496003,"deaths"
"4","HeB",294,"All causes","31-35",2,207.466204404271,421509.814947343,"deaths"
"5","HeB",294,"All causes","41-59",2,143.883103223808,63627.559427125,"deaths"
"6","HeB",294,"All causes","15-25",2,68.3434906369358,238490.213970008,"deaths"
"7","HeB",294,"All causes","41-59",1,341.566933971578,70326.4645857268,"deaths"
"8","HeB",294,"All causes","26-30",2,106.654453399071,312723.056122878,"deaths"
"9","HeB",294,"All causes","36-40",1,386.22155002689,226537.445912528,"deaths"
"10","HeB",294,"All causes","26-30",1,311.625285926261,343290.741879975,"deaths"
"11","HeB",322,"Lower respiratory infections","31-35",1,4.69022715599317,466536.650506972,"deaths"
"12","HeB",322,"Lower respiratory infections","26-30",1,2.45702077717115,343290.741879975,"deaths"
"13","HeB",322,"Lower respiratory infections","31-35",2,1.83282555464043,421509.814947343,"deaths"
"14","HeB",322,"Lower respiratory infections","41-59",2,0.916122957698656,63627.559427125,"deaths"
"15","HeB",322,"Lower respiratory infections","15-25",1,1.69726039915607,263915.22167522,"deaths"
"16","HeB",322,"Lower respiratory infections","26-30",2,1.20204748883451,312723.056122878,"deaths"
"17","HeB",322,"Lower respiratory infections","36-40",1,2.76855791861749,226537.445912528,"deaths"
"18","HeB",322,"Lower respiratory infections","15-25",2,0.92753713256178,238490.213970008,"deaths"
"19","HeB",322,"Lower respiratory infections","36-40",2,1.09505226644411,203616.211496003,"deaths"
"20","HeB",322,"Lower respiratory infections","41-59",1,2.35298880333774,70326.4645857268,"deaths"
"21","HeB",410,"Neoplasms","26-30",2,27.006166477626,312723.056122878,"deaths"
"22","HeB",410,"Neoplasms","15-25",1,21.1234069469619,263915.22167522,"deaths"
"23","HeB",410,"Neoplasms","26-30",1,43.3230330488899,343290.741879975,"deaths"
"24","HeB",410,"Neoplasms","31-35",1,116.759038938488,466536.650506972,"deaths"
"25","HeB",410,"Neoplasms","15-25",2,13.6255377790746,238490.213970008,"deaths"
"26","HeB",410,"Neoplasms","41-59",2,62.5204219878685,63627.559427125,"deaths"
"27","HeB",410,"Neoplasms","41-59",1,123.200697405632,70326.4645857268,"deaths"
"28","HeB",410,"Neoplasms","36-40",1,89.4931999260016,226537.445912528,"deaths"
"29","HeB",410,"Neoplasms","36-40",2,53.4693472716509,203616.211496003,"deaths"
"30","HeB",410,"Neoplasms","31-35",2,67.7388667664247,421509.814947343,"deaths"
"31","HeB",411,"Esophageal cancer","26-30",2,0.186783087253584,312723.056122878,"deaths"
"32","HeB",411,"Esophageal cancer","31-35",1,2.93431658067966,466536.650506972,"deaths"
"33","HeB",411,"Esophageal cancer","36-40",2,0.45658315392193,203616.211496003,"deaths"
"34","HeB",411,"Esophageal cancer","15-25",1,0.137886869581165,263915.22167522,"deaths"
"35","HeB",411,"Esophageal cancer","15-25",2,0.0627193314791914,238490.213970008,"deaths"
"36","HeB",411,"Esophageal cancer","26-30",1,0.502179747143074,343290.741879975,"deaths"
"37","HeB",411,"Esophageal cancer","36-40",1,3.57625143854554,226537.445912528,"deaths"
"38","HeB",411,"Esophageal cancer","41-59",2,1.57145925688443,63627.559427125,"deaths"
"39","HeB",411,"Esophageal cancer","41-59",1,12.8576534780633,70326.4645857268,"deaths"
"40","HeB",411,"Esophageal cancer","31-35",2,0.472613431788396,421509.814947343,"deaths"
"41","HeB",414,"Stomach cancer","15-25",1,0.910758758204684,263915.22167522,"deaths"
"42","HeB",414,"Stomach cancer","31-35",2,7.31902616521167,421509.814947343,"deaths"
"43","HeB",414,"Stomach cancer","36-40",2,5.59503559225949,203616.211496003,"deaths"
"44","HeB",414,"Stomach cancer","41-59",2,6.22274441424115,63627.559427125,"deaths"
"45","HeB",414,"Stomach cancer","41-59",1,20.6826648228133,70326.4645857268,"deaths"
"46","HeB",414,"Stomach cancer","26-30",1,3.67678453770965,343290.741879975,"deaths"
"47","HeB",414,"Stomach cancer","26-30",2,2.63977394800754,312723.056122878,"deaths"
"48","HeB",414,"Stomach cancer","15-25",2,0.638549352619994,238490.213970008,"deaths"
"49","HeB",414,"Stomach cancer","31-35",1,14.0692724759992,466536.650506972,"deaths"
"50","HeB",414,"Stomach cancer","36-40",1,12.1523102470495,226537.445912528,"deaths"
"51","HeB",417,"Liver cancer","31-35",1,20.5220574414866,466536.650506972,"deaths"
"52","HeB",417,"Liver cancer","26-30",1,5.35821774539821,343290.741879975,"deaths"
"53","HeB",417,"Liver cancer","36-40",1,18.3217118062805,226537.445912528,"deaths"
"54","HeB",417,"Liver cancer","15-25",1,1.2163672980241,263915.22167522,"deaths"
"55","HeB",417,"Liver cancer","36-40",2,2.42256374294912,203616.211496003,"deaths"
"56","HeB",417,"Liver cancer","26-30",2,1.04796992919931,312723.056122878,"deaths"
"57","HeB",417,"Liver cancer","31-35",2,2.85621062444998,421509.814947343,"deaths"
"58","HeB",417,"Liver cancer","15-25",2,0.426843122122528,238490.213970008,"deaths"
"59","HeB",417,"Liver cancer","41-59",2,3.26333050952957,63627.559427125,"deaths"
"60","HeB",417,"Liver cancer","41-59",1,17.1315430832515,70326.4645857268,"deaths"
"61","HeB",423,"Larynx cancer","26-30",2,0.0569062604080021,312723.056122878,"deaths"
"62","HeB",423,"Larynx cancer","26-30",1,0.130390759303115,343290.741879975,"deaths"
"63","HeB",423,"Larynx cancer","31-35",1,0.340291440626137,466536.650506972,"deaths"
"64","HeB",423,"Larynx cancer","15-25",1,0.034376583415131,263915.22167522,"deaths"
"65","HeB",423,"Larynx cancer","41-59",2,0.151052696216663,63627.559427125,"deaths"
"66","HeB",423,"Larynx cancer","15-25",2,0.0223722596946441,238490.213970008,"deaths"
"67","HeB",423,"Larynx cancer","36-40",1,0.39460992149893,226537.445912528,"deaths"
"68","HeB",423,"Larynx cancer","36-40",2,0.090011458720315,203616.211496003,"deaths"
"69","HeB",423,"Larynx cancer","31-35",2,0.101752306898242,421509.814947343,"deaths"
"70","HeB",423,"Larynx cancer","41-59",1,1.23638150737153,70326.4645857268,"deaths"
"71","HeB",426,"Tracheal, bronchus, and lung cancer","26-30",1,3.98901560368746,343290.741879975,"deaths"
"72","HeB",426,"Tracheal, bronchus, and lung cancer","36-40",1,12.6960837878766,226537.445912528,"deaths"
"73","HeB",426,"Tracheal, bronchus, and lung cancer","31-35",1,13.7760300878904,466536.650506972,"deaths"
"74","HeB",426,"Tracheal, bronchus, and lung cancer","31-35",2,6.99331128981416,421509.814947343,"deaths"
"75","HeB",426,"Tracheal, bronchus, and lung cancer","41-59",2,11.7298420207511,63627.559427125,"deaths"
"76","HeB",426,"Tracheal, bronchus, and lung cancer","15-25",1,1.16133404269878,263915.22167522,"deaths"
"77","HeB",426,"Tracheal, bronchus, and lung cancer","15-25",2,0.680642177359375,238490.213970008,"deaths"
"78","HeB",426,"Tracheal, bronchus, and lung cancer","41-59",1,30.5112218905345,70326.4645857268,"deaths"
"79","HeB",426,"Tracheal, bronchus, and lung cancer","26-30",2,2.19368849816186,312723.056122878,"deaths"
"80","HeB",426,"Tracheal, bronchus, and lung cancer","36-40",2,6.61534208265899,203616.211496003,"deaths"
"81","HeB",429,"Breast cancer","31-35",2,10.1604924809892,421509.814947343,"deaths"
"82","HeB",429,"Breast cancer","26-30",2,2.15269619631739,312723.056122878,"deaths"
"83","HeB",429,"Breast cancer","15-25",1,0.0281343383411664,263915.22167522,"deaths"
"84","HeB",429,"Breast cancer","41-59",2,10.1482096289635,63627.559427125,"deaths"
"85","HeB",429,"Breast cancer","41-59",1,0.279999500156573,70326.4645857268,"deaths"
"86","HeB",429,"Breast cancer","31-35",1,0.169663353077614,466536.650506972,"deaths"
"87","HeB",429,"Breast cancer","36-40",1,0.113949696747408,226537.445912528,"deaths"
"88","HeB",429,"Breast cancer","36-40",2,9.83673296893729,203616.211496003,"deaths"
"89","HeB",429,"Breast cancer","26-30",1,0.0537894763877898,343290.741879975,"deaths"
"90","HeB",429,"Breast cancer","15-25",2,0.327541144267412,238490.213970008,"deaths"
"91","HeB",435,"Uterine cancer","31-35",1,0,466536.650506972,"deaths"
"92","HeB",435,"Uterine cancer","26-30",1,0,343290.741879975,"deaths"
"93","HeB",435,"Uterine cancer","36-40",2,0.926493377803902,203616.211496003,"deaths"
"94","HeB",435,"Uterine cancer","41-59",1,0,70326.4645857268,"deaths"
"95","HeB",435,"Uterine cancer","31-35",2,0.993300677715178,421509.814947343,"deaths"
"96","HeB",435,"Uterine cancer","41-59",2,1.16149579519317,63627.559427125,"deaths"
"97","HeB",435,"Uterine cancer","15-25",2,0.0847199717898211,238490.213970008,"deaths"
"98","HeB",435,"Uterine cancer","26-30",2,0.334538842392567,312723.056122878,"deaths"
"99","HeB",435,"Uterine cancer","36-40",1,0,226537.445912528,"deaths"
"100","HeB",435,"Uterine cancer","15-25",1,0,263915.22167522,"deaths"
"101","HeB",441,"Colon and rectum cancer","26-30",2,2.1395813350624,312723.056122878,"deaths"
"102","HeB",441,"Colon and rectum cancer","31-35",1,15.4520511909705,466536.650506972,"deaths"
"103","HeB",441,"Colon and rectum cancer","26-30",1,4.60817627640429,343290.741879975,"deaths"
"104","HeB",441,"Colon and rectum cancer","15-25",1,1.20039682018245,263915.22167522,"deaths"
"105","HeB",441,"Colon and rectum cancer","31-35",2,5.76342583978599,421509.814947343,"deaths"
"106","HeB",441,"Colon and rectum cancer","41-59",2,5.06674160078608,63627.559427125,"deaths"
"107","HeB",441,"Colon and rectum cancer","36-40",1,11.3369372372915,226537.445912528,"deaths"
"108","HeB",441,"Colon and rectum cancer","15-25",2,0.64763143072685,238490.213970008,"deaths"
"109","HeB",441,"Colon and rectum cancer","36-40",2,4.34757711564601,203616.211496003,"deaths"
"110","HeB",441,"Colon and rectum cancer","41-59",1,11.5806608005366,70326.4645857268,"deaths"
"111","HeB",444,"Lip and oral cavity cancer","41-59",1,1.54655319446873,70326.4645857268,"deaths"
"112","HeB",444,"Lip and oral cavity cancer","15-25",2,0.0652902638933157,238490.213970008,"deaths"
"113","HeB",444,"Lip and oral cavity cancer","15-25",1,0.110286010842118,263915.22167522,"deaths"
"114","HeB",444,"Lip and oral cavity cancer","41-59",2,0.330646830120504,63627.559427125,"deaths"
"115","HeB",444,"Lip and oral cavity cancer","31-35",1,1.2653041749632,466536.650506972,"deaths"
"116","HeB",444,"Lip and oral cavity cancer","36-40",2,0.249882243718081,203616.211496003,"deaths"
"117","HeB",444,"Lip and oral cavity cancer","26-30",1,0.323593184921507,343290.741879975,"deaths"
"118","HeB",444,"Lip and oral cavity cancer","31-35",2,0.372713371549157,421509.814947343,"deaths"
"119","HeB",444,"Lip and oral cavity cancer","26-30",2,0.128270001390872,312723.056122878,"deaths"
"120","HeB",444,"Lip and oral cavity cancer","36-40",1,0.940895820767455,226537.445912528,"deaths"
"121","HeB",447,"Nasopharynx cancer","15-25",1,0.407269475258859,263915.22167522,"deaths"
"122","HeB",447,"Nasopharynx cancer","26-30",2,0.363091613454483,312723.056122878,"deaths"
"123","HeB",447,"Nasopharynx cancer","41-59",2,0.732917166820433,63627.559427125,"deaths"
"124","HeB",447,"Nasopharynx cancer","36-40",2,0.813816133114812,203616.211496003,"deaths"
"125","HeB",447,"Nasopharynx cancer","36-40",1,2.90997429599511,226537.445912528,"deaths"
"126","HeB",447,"Nasopharynx cancer","31-35",1,3.53537427740904,466536.650506972,"deaths"
"127","HeB",447,"Nasopharynx cancer","26-30",1,1.13905520931612,343290.741879975,"deaths"
"128","HeB",447,"Nasopharynx cancer","41-59",1,2.71489383313507,70326.4645857268,"deaths"
"129","HeB",447,"Nasopharynx cancer","15-25",2,0.158046248006046,238490.213970008,"deaths"
"130","HeB",447,"Nasopharynx cancer","31-35",2,0.960303574954251,421509.814947343,"deaths"
"131","HeB",450,"Other pharynx cancer","31-35",1,0.163110975831753,466536.650506972,"deaths"
"132","HeB",450,"Other pharynx cancer","41-59",1,0.464779646343181,70326.4645857268,"deaths"
"133","HeB",450,"Other pharynx cancer","26-30",2,0.0353389922963693,312723.056122878,"deaths"
"134","HeB",450,"Other pharynx cancer","31-35",2,0.0626753261940572,421509.814947343,"deaths"
"135","HeB",450,"Other pharynx cancer","36-40",1,0.175387078341535,226537.445912528,"deaths"
"136","HeB",450,"Other pharynx cancer","36-40",2,0.0329595722137787,203616.211496003,"deaths"
"137","HeB",450,"Other pharynx cancer","15-25",1,0.017665420540417,263915.22167522,"deaths"
"138","HeB",450,"Other pharynx cancer","41-59",2,0.0615657696461722,63627.559427125,"deaths"
"139","HeB",450,"Other pharynx cancer","15-25",2,0.014833390823531,238490.213970008,"deaths"
"140","HeB",450,"Other pharynx cancer","26-30",1,0.0504613964485456,343290.741879975,"deaths"
"141","HeB",486,"Multiple myeloma","36-40",2,0.245561155085495,203616.211496003,"deaths"
"142","HeB",486,"Multiple myeloma","15-25",1,0.166932130159555,263915.22167522,"deaths"
"143","HeB",486,"Multiple myeloma","41-59",2,0.361257018392858,63627.559427125,"deaths"
"144","HeB",486,"Multiple myeloma","36-40",1,0.440833496819283,226537.445912528,"deaths"
"145","HeB",486,"Multiple myeloma","15-25",2,0.0907972065554404,238490.213970008,"deaths"
"146","HeB",486,"Multiple myeloma","31-35",2,0.338316187658545,421509.814947343,"deaths"
"147","HeB",486,"Multiple myeloma","26-30",1,0.421294164547734,343290.741879975,"deaths"
"148","HeB",486,"Multiple myeloma","31-35",1,0.597998517340833,466536.650506972,"deaths"
"149","HeB",486,"Multiple myeloma","26-30",2,0.177003432558482,312723.056122878,"deaths"
"150","HeB",486,"Multiple myeloma","41-59",1,0.572009459012518,70326.4645857268,"deaths"
"151","HeB",491,"Cardiovascular diseases","31-35",1,114.78142833691,466536.650506972,"deaths"
"152","HeB",491,"Cardiovascular diseases","41-59",1,108.96083009867,70326.4645857268,"deaths"
"153","HeB",491,"Cardiovascular diseases","36-40",1,90.3611707316668,226537.445912528,"deaths"
"154","HeB",491,"Cardiovascular diseases","36-40",2,24.3449477138427,203616.211496003,"deaths"
"155","HeB",491,"Cardiovascular diseases","15-25",2,6.90337495175952,238490.213970008,"deaths"
"156","HeB",491,"Cardiovascular diseases","26-30",2,13.5634666493407,312723.056122878,"deaths"
"157","HeB",491,"Cardiovascular diseases","15-25",1,16.4432726953652,263915.22167522,"deaths"
"158","HeB",491,"Cardiovascular diseases","41-59",2,42.1331609433922,63627.559427125,"deaths"
"159","HeB",491,"Cardiovascular diseases","26-30",1,40.3910289736094,343290.741879975,"deaths"
"160","HeB",491,"Cardiovascular diseases","31-35",2,31.4168127769979,421509.814947343,"deaths"
"161","HeB",493,"Ischemic heart disease","15-25",2,2.72178213164656,238490.213970008,"deaths"
"162","HeB",493,"Ischemic heart disease","36-40",1,44.0311573490199,226537.445912528,"deaths"
"163","HeB",493,"Ischemic heart disease","26-30",2,5.78979500690592,312723.056122878,"deaths"
"164","HeB",493,"Ischemic heart disease","41-59",1,48.1489547260523,70326.4645857268,"deaths"
"165","HeB",493,"Ischemic heart disease","26-30",1,19.1604517590665,343290.741879975,"deaths"
"166","HeB",493,"Ischemic heart disease","15-25",1,7.04796054820427,263915.22167522,"deaths"
"167","HeB",493,"Ischemic heart disease","36-40",2,10.1768906169829,203616.211496003,"deaths"
"168","HeB",493,"Ischemic heart disease","31-35",1,56.6061139909783,466536.650506972,"deaths"
"169","HeB",493,"Ischemic heart disease","31-35",2,14.1208992218853,421509.814947343,"deaths"
"170","HeB",493,"Ischemic heart disease","41-59",2,15.4488669570767,63627.559427125,"deaths"
"171","HeB",494,"Stroke","26-30",2,4.95034321161682,312723.056122878,"deaths"
"172","HeB",494,"Stroke","41-59",1,51.9014624779477,70326.4645857268,"deaths"
"173","HeB",494,"Stroke","41-59",2,21.629141358798,63627.559427125,"deaths"
"174","HeB",494,"Stroke","15-25",1,6.71579173412099,263915.22167522,"deaths"
"175","HeB",494,"Stroke","36-40",2,10.5133964181628,203616.211496003,"deaths"
"176","HeB",494,"Stroke","31-35",1,46.0314511739164,466536.650506972,"deaths"
"177","HeB",494,"Stroke","31-35",2,11.9222032868668,421509.814947343,"deaths"
"178","HeB",494,"Stroke","26-30",1,15.8534717816559,343290.741879975,"deaths"
"179","HeB",494,"Stroke","15-25",2,2.47761142590503,238490.213970008,"deaths"
"180","HeB",494,"Stroke","36-40",1,38.0138034622546,226537.445912528,"deaths"
"181","HeB",509,"Chronic obstructive pulmonary disease","26-30",2,0.734137315718775,312723.056122878,"deaths"
"182","HeB",509,"Chronic obstructive pulmonary disease","41-59",2,3.82834554414846,63627.559427125,"deaths"
"183","HeB",509,"Chronic obstructive pulmonary disease","36-40",1,3.03521854658265,226537.445912528,"deaths"
"184","HeB",509,"Chronic obstructive pulmonary disease","15-25",1,0.622882468426631,263915.22167522,"deaths"
"185","HeB",509,"Chronic obstructive pulmonary disease","26-30",1,1.28125300434763,343290.741879975,"deaths"
"186","HeB",509,"Chronic obstructive pulmonary disease","36-40",2,1.63411221318044,203616.211496003,"deaths"
"187","HeB",509,"Chronic obstructive pulmonary disease","41-59",1,8.59547652553709,70326.4645857268,"deaths"
"188","HeB",509,"Chronic obstructive pulmonary disease","31-35",1,3.8915584172557,466536.650506972,"deaths"
"189","HeB",509,"Chronic obstructive pulmonary disease","31-35",2,2.02884619770524,421509.814947343,"deaths"
"190","HeB",509,"Chronic obstructive pulmonary disease","15-25",2,0.369189437263559,238490.213970008,"deaths"
"191","HeB",515,"Asthma","41-59",1,0.541042202361267,70326.4645857268,"deaths"
"192","HeB",515,"Asthma","36-40",1,0.556525734723093,226537.445912528,"deaths"
"193","HeB",515,"Asthma","26-30",2,0.22369211848949,312723.056122878,"deaths"
"194","HeB",515,"Asthma","15-25",1,0.171468159835707,263915.22167522,"deaths"
"195","HeB",515,"Asthma","26-30",1,0.475642884275944,343290.741879975,"deaths"
"196","HeB",515,"Asthma","36-40",2,0.347355271620705,203616.211496003,"deaths"
"197","HeB",515,"Asthma","15-25",2,0.110976618772414,238490.213970008,"deaths"
"198","HeB",515,"Asthma","31-35",1,0.850970609930726,466536.650506972,"deaths"
"199","HeB",515,"Asthma","31-35",2,0.486860182312985,421509.814947343,"deaths"
"200","HeB",515,"Asthma","41-59",2,0.287061471021109,63627.559427125,"deaths"
"201","HeB",543,"Alzheimer's disease and other dementias","36-40",1,0,226537.445912528,"deaths"
"202","HeB",543,"Alzheimer's disease and other dementias","31-35",1,0,466536.650506972,"deaths"
"203","HeB",543,"Alzheimer's disease and other dementias","15-25",1,0,263915.22167522,"deaths"
"204","HeB",543,"Alzheimer's disease and other dementias","26-30",2,0,312723.056122878,"deaths"
"205","HeB",543,"Alzheimer's disease and other dementias","41-59",1,1.24709323076383,70326.4645857268,"deaths"
"206","HeB",543,"Alzheimer's disease and other dementias","31-35",2,0,421509.814947343,"deaths"
"207","HeB",543,"Alzheimer's disease and other dementias","41-59",2,1.27742789775466,63627.559427125,"deaths"
"208","HeB",543,"Alzheimer's disease and other dementias","26-30",1,0,343290.741879975,"deaths"
"209","HeB",543,"Alzheimer's disease and other dementias","36-40",2,0,203616.211496003,"deaths"
"210","HeB",543,"Alzheimer's disease and other dementias","15-25",2,0,238490.213970008,"deaths"
"211","HeB",544,"Parkinson's disease","26-30",2,0.00504777866770693,312723.056122878,"deaths"
"212","HeB",544,"Parkinson's disease","36-40",1,0.0318372618601796,226537.445912528,"deaths"
"213","HeB",544,"Parkinson's disease","15-25",1,0.00624310420240002,263915.22167522,"deaths"
"214","HeB",544,"Parkinson's disease","15-25",2,0.000890656872346886,238490.213970008,"deaths"
"215","HeB",544,"Parkinson's disease","31-35",2,0.0216661958350359,421509.814947343,"deaths"
"216","HeB",544,"Parkinson's disease","41-59",1,0.529715752705453,70326.4645857268,"deaths"
"217","HeB",544,"Parkinson's disease","26-30",1,0.0141930869082644,343290.741879975,"deaths"
"218","HeB",544,"Parkinson's disease","31-35",1,0.0570801389599494,466536.650506972,"deaths"
"219","HeB",544,"Parkinson's disease","36-40",2,0.0140953292427765,203616.211496003,"deaths"
"220","HeB",544,"Parkinson's disease","41-59",2,0.286850498426844,63627.559427125,"deaths"
"221","HeB",689,"Road injuries","15-25",1,50.6188201560372,263915.22167522,"deaths"
"222","HeB",689,"Road injuries","36-40",1,65.0555400017318,226537.445912528,"deaths"
"223","HeB",689,"Road injuries","41-59",1,23.1447178183027,70326.4645857268,"deaths"
"224","HeB",689,"Road injuries","41-59",2,6.60288473214966,63627.559427125,"deaths"
"225","HeB",689,"Road injuries","31-35",1,138.242737863174,466536.650506972,"deaths"
"226","HeB",689,"Road injuries","36-40",2,14.0857410643386,203616.211496003,"deaths"
"227","HeB",689,"Road injuries","26-30",1,86.4452953129729,343290.741879975,"deaths"
"228","HeB",689,"Road injuries","31-35",2,26.3766375351419,421509.814947343,"deaths"
"229","HeB",689,"Road injuries","15-25",2,12.4840651841017,238490.213970008,"deaths"
"230","HeB",689,"Road injuries","26-30",2,16.4314056767177,312723.056122878,"deaths"
"231","HeB",976,"Diabetes mellitus type 2","26-30",1,0.640157412843331,343290.741879975,"deaths"
"232","HeB",976,"Diabetes mellitus type 2","15-25",2,0.173761859480114,238490.213970008,"deaths"
"233","HeB",976,"Diabetes mellitus type 2","41-59",1,4.13152786783179,70326.4645857268,"deaths"
"234","HeB",976,"Diabetes mellitus type 2","26-30",2,0.369916778075954,312723.056122878,"deaths"
"235","HeB",976,"Diabetes mellitus type 2","36-40",2,0.717282524271117,203616.211496003,"deaths"
"236","HeB",976,"Diabetes mellitus type 2","15-25",1,0.194573403838432,263915.22167522,"deaths"
"237","HeB",976,"Diabetes mellitus type 2","31-35",1,2.71442905228222,466536.650506972,"deaths"
"238","HeB",976,"Diabetes mellitus type 2","36-40",1,2.16839275476949,226537.445912528,"deaths"
"239","HeB",976,"Diabetes mellitus type 2","31-35",2,0.878331891276325,421509.814947343,"deaths"
"240","HeB",976,"Diabetes mellitus type 2","41-59",2,2.43367308988806,63627.559427125,"deaths"
"241","HeB",294,"All causes","15-25",1,11749.520207291,263915.22167522,"YLLs"
"242","HeB",294,"All causes","31-35",1,35325.1458194487,466536.650506972,"YLLs"
"243","HeB",294,"All causes","36-40",2,7067.09628255672,203616.211496003,"YLLs"
"244","HeB",294,"All causes","31-35",2,11736.8962325369,421509.814947343,"YLLs"
"245","HeB",294,"All causes","41-59",2,5412.30557693587,63627.559427125,"YLLs"
"246","HeB",294,"All causes","15-25",2,4674.64146267718,238490.213970008,"YLLs"
"247","HeB",294,"All causes","41-59",1,12981.8906976724,70326.4645857268,"YLLs"
"248","HeB",294,"All causes","26-30",2,6569.77175569392,312723.056122878,"YLLs"
"249","HeB",294,"All causes","36-40",1,19941.9924027403,226537.445912528,"YLLs"
"250","HeB",294,"All causes","26-30",1,19191.7445246592,343290.741879975,"YLLs"
"251","HeB",322,"Lower respiratory infections","31-35",1,265.459406086358,466536.650506972,"YLLs"
"252","HeB",322,"Lower respiratory infections","26-30",1,151.314512207333,343290.741879975,"YLLs"
"253","HeB",322,"Lower respiratory infections","31-35",2,103.687589078981,421509.814947343,"YLLs"
"254","HeB",322,"Lower respiratory infections","41-59",2,34.5216876586562,63627.559427125,"YLLs"
"255","HeB",322,"Lower respiratory infections","15-25",1,116.478338111294,263915.22167522,"YLLs"
"256","HeB",322,"Lower respiratory infections","26-30",2,74.0439114306158,312723.056122878,"YLLs"
"257","HeB",322,"Lower respiratory infections","36-40",1,142.94960467062,226537.445912528,"YLLs"
"258","HeB",322,"Lower respiratory infections","15-25",2,63.6483053598406,238490.213970008,"YLLs"
"259","HeB",322,"Lower respiratory infections","36-40",2,56.5030193842139,203616.211496003,"YLLs"
"260","HeB",322,"Lower respiratory infections","41-59",1,88.9743483186215,70326.4645857268,"YLLs"
"261","HeB",410,"Neoplasms","26-30",2,1663.55583199765,312723.056122878,"YLLs"
"262","HeB",410,"Neoplasms","15-25",1,1443.84096234706,263915.22167522,"YLLs"
"263","HeB",410,"Neoplasms","26-30",1,2668.0760406333,343290.741879975,"YLLs"
"264","HeB",410,"Neoplasms","31-35",1,6608.53577034341,466536.650506972,"YLLs"
"265","HeB",410,"Neoplasms","15-25",2,931.729831248497,238490.213970008,"YLLs"
"266","HeB",410,"Neoplasms","41-59",2,2353.33941648387,63627.559427125,"YLLs"
"267","HeB",410,"Neoplasms","41-59",1,4611.5350851385,70326.4645857268,"YLLs"
"268","HeB",410,"Neoplasms","36-40",1,4620.92157592063,226537.445912528,"YLLs"
"269","HeB",410,"Neoplasms","36-40",2,2758.92559539648,203616.211496003,"YLLs"
"270","HeB",410,"Neoplasms","31-35",2,3832.16647372597,421509.814947343,"YLLs"
"271","HeB",411,"Esophageal cancer","26-30",2,11.505877841017,312723.056122878,"YLLs"
"272","HeB",411,"Esophageal cancer","31-35",1,166.081920400648,466536.650506972,"YLLs"
"273","HeB",411,"Esophageal cancer","36-40",2,23.5590403218384,203616.211496003,"YLLs"
"274","HeB",411,"Esophageal cancer","15-25",1,9.17302814051783,263915.22167522,"YLLs"
"275","HeB",411,"Esophageal cancer","15-25",2,4.17550937020993,238490.213970008,"YLLs"
"276","HeB",411,"Esophageal cancer","26-30",1,30.9276703092158,343290.741879975,"YLLs"
"277","HeB",411,"Esophageal cancer","36-40",1,184.655222866635,226537.445912528,"YLLs"
"278","HeB",411,"Esophageal cancer","41-59",2,56.6051611763608,63627.559427125,"YLLs"
"279","HeB",411,"Esophageal cancer","41-59",1,470.55309279432,70326.4645857268,"YLLs"
"280","HeB",411,"Esophageal cancer","31-35",2,26.7372397777744,421509.814947343,"YLLs"
"281","HeB",414,"Stomach cancer","15-25",1,61.5329777761867,263915.22167522,"YLLs"
"282","HeB",414,"Stomach cancer","31-35",2,414.055127888479,421509.814947343,"YLLs"
"283","HeB",414,"Stomach cancer","36-40",2,288.694048982351,203616.211496003,"YLLs"
"284","HeB",414,"Stomach cancer","41-59",2,233.184212920948,63627.559427125,"YLLs"
"285","HeB",414,"Stomach cancer","41-59",1,768.917323520128,70326.4645857268,"YLLs"
"286","HeB",414,"Stomach cancer","26-30",1,226.438925296045,343290.741879975,"YLLs"
"287","HeB",414,"Stomach cancer","26-30",2,162.607618784606,312723.056122878,"YLLs"
"288","HeB",414,"Stomach cancer","15-25",2,43.0999146951126,238490.213970008,"YLLs"
"289","HeB",414,"Stomach cancer","31-35",1,796.323575581759,466536.650506972,"YLLs"
"290","HeB",414,"Stomach cancer","36-40",1,627.477364165031,226537.445912528,"YLLs"
"291","HeB",417,"Liver cancer","31-35",1,1161.51360381189,466536.650506972,"YLLs"
"292","HeB",417,"Liver cancer","26-30",1,329.989086672237,343290.741879975,"YLLs"
"293","HeB",417,"Liver cancer","36-40",1,945.998073072424,226537.445912528,"YLLs"
"294","HeB",417,"Liver cancer","15-25",1,82.3197956214125,263915.22167522,"YLLs"
"295","HeB",417,"Liver cancer","36-40",2,124.998893205719,203616.211496003,"YLLs"
"296","HeB",417,"Liver cancer","26-30",2,64.5532963348298,312723.056122878,"YLLs"
"297","HeB",417,"Liver cancer","31-35",2,161.584405058622,421509.814947343,"YLLs"
"298","HeB",417,"Liver cancer","15-25",2,28.9469631283655,238490.213970008,"YLLs"
"299","HeB",417,"Liver cancer","41-59",2,122.30934542276,63627.559427125,"YLLs"
"300","HeB",417,"Liver cancer","41-59",1,661.987103679559,70326.4645857268,"YLLs"
"301","HeB",423,"Larynx cancer","26-30",2,3.50531359441173,312723.056122878,"YLLs"
"302","HeB",423,"Larynx cancer","26-30",1,8.03019090801369,343290.741879975,"YLLs"
"303","HeB",423,"Larynx cancer","31-35",1,19.2602122617865,466536.650506972,"YLLs"
"304","HeB",423,"Larynx cancer","15-25",1,2.28689476697193,263915.22167522,"YLLs"
"305","HeB",423,"Larynx cancer","41-59",2,5.57724788543804,63627.559427125,"YLLs"
"306","HeB",423,"Larynx cancer","15-25",2,1.48943833482249,238490.213970008,"YLLs"
"307","HeB",423,"Larynx cancer","36-40",1,20.3752252905842,226537.445912528,"YLLs"
"308","HeB",423,"Larynx cancer","36-40",2,4.644332705669,203616.211496003,"YLLs"
"309","HeB",423,"Larynx cancer","31-35",2,5.75636951687759,421509.814947343,"YLLs"
"310","HeB",423,"Larynx cancer","41-59",1,45.3353377893452,70326.4645857268,"YLLs"
"311","HeB",426,"Tracheal, bronchus, and lung cancer","26-30",1,245.668685280737,343290.741879975,"YLLs"
"312","HeB",426,"Tracheal, bronchus, and lung cancer","36-40",1,655.548240280162,226537.445912528,"YLLs"
"313","HeB",426,"Tracheal, bronchus, and lung cancer","31-35",1,779.717571309586,466536.650506972,"YLLs"
"314","HeB",426,"Tracheal, bronchus, and lung cancer","31-35",2,395.631899982168,421509.814947343,"YLLs"
"315","HeB",426,"Tracheal, bronchus, and lung cancer","41-59",2,435.873603266315,63627.559427125,"YLLs"
"316","HeB",426,"Tracheal, bronchus, and lung cancer","15-25",1,78.836987491307,263915.22167522,"YLLs"
"317","HeB",426,"Tracheal, bronchus, and lung cancer","15-25",2,46.2337347122119,238490.213970008,"YLLs"
"318","HeB",426,"Tracheal, bronchus, and lung cancer","41-59",1,1118.91615348696,70326.4645857268,"YLLs"
"319","HeB",426,"Tracheal, bronchus, and lung cancer","26-30",2,135.130037212956,312723.056122878,"YLLs"
"320","HeB",426,"Tracheal, bronchus, and lung cancer","36-40",2,341.339524771457,203616.211496003,"YLLs"
"321","HeB",429,"Breast cancer","31-35",2,574.807948778112,421509.814947343,"YLLs"
"322","HeB",429,"Breast cancer","26-30",2,132.604529244464,312723.056122878,"YLLs"
"323","HeB",429,"Breast cancer","15-25",1,1.93342777776865,263915.22167522,"YLLs"
"324","HeB",429,"Breast cancer","41-59",2,385.647758950029,63627.559427125,"YLLs"
"325","HeB",429,"Breast cancer","41-59",1,10.4429744121302,70326.4645857268,"YLLs"
"326","HeB",429,"Breast cancer","31-35",1,9.60275531801171,466536.650506972,"YLLs"
"327","HeB",429,"Breast cancer","36-40",1,5.88366164903363,226537.445912528,"YLLs"
"328","HeB",429,"Breast cancer","36-40",2,507.557982153624,203616.211496003,"YLLs"
"329","HeB",429,"Breast cancer","26-30",1,3.31264713525508,343290.741879975,"YLLs"
"330","HeB",429,"Breast cancer","15-25",2,22.1320441660626,238490.213970008,"YLLs"
"331","HeB",435,"Uterine cancer","31-35",1,0,466536.650506972,"YLLs"
"332","HeB",435,"Uterine cancer","26-30",1,0,343290.741879975,"YLLs"
"333","HeB",435,"Uterine cancer","36-40",2,47.8054968360978,203616.211496003,"YLLs"
"334","HeB",435,"Uterine cancer","41-59",1,0,70326.4645857268,"YLLs"
"335","HeB",435,"Uterine cancer","31-35",2,56.1936999639563,421509.814947343,"YLLs"
"336","HeB",435,"Uterine cancer","41-59",2,43.9497889183997,63627.559427125,"YLLs"
"337","HeB",435,"Uterine cancer","15-25",2,5.64020643611953,238490.213970008,"YLLs"
"338","HeB",435,"Uterine cancer","26-30",2,20.6070663975866,312723.056122878,"YLLs"
"339","HeB",435,"Uterine cancer","36-40",1,0,226537.445912528,"YLLs"
"340","HeB",435,"Uterine cancer","15-25",1,0,263915.22167522,"YLLs"
"341","HeB",441,"Colon and rectum cancer","26-30",2,131.796715681268,312723.056122878,"YLLs"
"342","HeB",441,"Colon and rectum cancer","31-35",1,874.593392159453,466536.650506972,"YLLs"
"343","HeB",441,"Colon and rectum cancer","26-30",1,283.794661641201,343290.741879975,"YLLs"
"344","HeB",441,"Colon and rectum cancer","15-25",1,81.2846833211945,263915.22167522,"YLLs"
"345","HeB",441,"Colon and rectum cancer","31-35",2,326.050416925121,421509.814947343,"YLLs"
"346","HeB",441,"Colon and rectum cancer","41-59",2,190.376190477186,63627.559427125,"YLLs"
"347","HeB",441,"Colon and rectum cancer","36-40",1,585.388242294777,226537.445912528,"YLLs"
"348","HeB",441,"Colon and rectum cancer","15-25",2,43.9013383824336,238490.213970008,"YLLs"
"349","HeB",441,"Colon and rectum cancer","36-40",2,224.328760578807,203616.211496003,"YLLs"
"350","HeB",441,"Colon and rectum cancer","41-59",1,439.032504984285,70326.4645857268,"YLLs"
"351","HeB",444,"Lip and oral cavity cancer","41-59",1,57.7695350174176,70326.4645857268,"YLLs"
"352","HeB",444,"Lip and oral cavity cancer","15-25",2,4.47474076397082,238490.213970008,"YLLs"
"353","HeB",444,"Lip and oral cavity cancer","15-25",1,7.49393818307502,263915.22167522,"YLLs"
"354","HeB",444,"Lip and oral cavity cancer","41-59",2,12.3616213297484,63627.559427125,"YLLs"
"355","HeB",444,"Lip and oral cavity cancer","31-35",1,71.6151435274448,466536.650506972,"YLLs"
"356","HeB",444,"Lip and oral cavity cancer","36-40",2,12.8936183631299,203616.211496003,"YLLs"
"357","HeB",444,"Lip and oral cavity cancer","26-30",1,19.9287678663126,343290.741879975,"YLLs"
"358","HeB",444,"Lip and oral cavity cancer","31-35",2,21.085410670532,421509.814947343,"YLLs"
"359","HeB",444,"Lip and oral cavity cancer","26-30",2,7.90134349919641,312723.056122878,"YLLs"
"360","HeB",444,"Lip and oral cavity cancer","36-40",1,48.5825163687087,226537.445912528,"YLLs"
"361","HeB",447,"Nasopharynx cancer","15-25",1,27.7207673251086,263915.22167522,"YLLs"
"362","HeB",447,"Nasopharynx cancer","26-30",2,22.3666077576774,312723.056122878,"YLLs"
"363","HeB",447,"Nasopharynx cancer","41-59",2,28.0359274410634,63627.559427125,"YLLs"
"364","HeB",447,"Nasopharynx cancer","36-40",2,41.9924024162295,203616.211496003,"YLLs"
"365","HeB",447,"Nasopharynx cancer","36-40",1,150.256809052243,226537.445912528,"YLLs"
"366","HeB",447,"Nasopharynx cancer","31-35",1,200.097936469491,466536.650506972,"YLLs"
"367","HeB",447,"Nasopharynx cancer","26-30",1,70.1477904195247,343290.741879975,"YLLs"
"368","HeB",447,"Nasopharynx cancer","41-59",1,104.602546216977,70326.4645857268,"YLLs"
"369","HeB",447,"Nasopharynx cancer","15-25",2,10.7633142302177,238490.213970008,"YLLs"
"370","HeB",447,"Nasopharynx cancer","31-35",2,54.3273960623474,421509.814947343,"YLLs"
"371","HeB",450,"Other pharynx cancer","31-35",1,9.23204779814062,466536.650506972,"YLLs"
"372","HeB",450,"Other pharynx cancer","41-59",1,17.2544297982693,70326.4645857268,"YLLs"
"373","HeB",450,"Other pharynx cancer","26-30",2,2.17684720827549,312723.056122878,"YLLs"
"374","HeB",450,"Other pharynx cancer","31-35",2,3.54571064672798,421509.814947343,"YLLs"
"375","HeB",450,"Other pharynx cancer","36-40",1,9.05613913236982,226537.445912528,"YLLs"
"376","HeB",450,"Other pharynx cancer","36-40",2,1.70065534929253,203616.211496003,"YLLs"
"377","HeB",450,"Other pharynx cancer","15-25",1,1.17514762416973,263915.22167522,"YLLs"
"378","HeB",450,"Other pharynx cancer","41-59",2,2.29505610900663,63627.559427125,"YLLs"
"379","HeB",450,"Other pharynx cancer","15-25",2,0.98754626573804,238490.213970008,"YLLs"
"380","HeB",450,"Other pharynx cancer","26-30",1,3.10765580234675,343290.741879975,"YLLs"
"381","HeB",486,"Multiple myeloma","36-40",2,12.6706493944199,203616.211496003,"YLLs"
"382","HeB",486,"Multiple myeloma","15-25",1,11.1047098851584,263915.22167522,"YLLs"
"383","HeB",486,"Multiple myeloma","41-59",2,13.3906345642038,63627.559427125,"YLLs"
"384","HeB",486,"Multiple myeloma","36-40",1,22.7632631467891,226537.445912528,"YLLs"
"385","HeB",486,"Multiple myeloma","15-25",2,6.04494418547795,238490.213970008,"YLLs"
"386","HeB",486,"Multiple myeloma","31-35",2,19.1393325196591,421509.814947343,"YLLs"
"387","HeB",486,"Multiple myeloma","26-30",1,25.9451537506242,343290.741879975,"YLLs"
"388","HeB",486,"Multiple myeloma","31-35",1,33.8474991809908,466536.650506972,"YLLs"
"389","HeB",486,"Multiple myeloma","26-30",2,10.9032410954534,312723.056122878,"YLLs"
"390","HeB",486,"Multiple myeloma","41-59",1,21.340529119684,70326.4645857268,"YLLs"
"391","HeB",491,"Cardiovascular diseases","31-35",1,6496.53238223227,466536.650506972,"YLLs"
"392","HeB",491,"Cardiovascular diseases","41-59",1,4102.45675036552,70326.4645857268,"YLLs"
"393","HeB",491,"Cardiovascular diseases","36-40",1,4665.66909345145,226537.445912528,"YLLs"
"394","HeB",491,"Cardiovascular diseases","36-40",2,1256.14952705949,203616.211496003,"YLLs"
"395","HeB",491,"Cardiovascular diseases","15-25",2,470.042662736249,238490.213970008,"YLLs"
"396","HeB",491,"Cardiovascular diseases","26-30",2,835.489032092987,312723.056122878,"YLLs"
"397","HeB",491,"Cardiovascular diseases","15-25",1,1118.19444741575,263915.22167522,"YLLs"
"398","HeB",491,"Cardiovascular diseases","41-59",2,1559.21979516324,63627.559427125,"YLLs"
"399","HeB",491,"Cardiovascular diseases","26-30",1,2487.52105849211,343290.741879975,"YLLs"
"400","HeB",491,"Cardiovascular diseases","31-35",2,1777.33792461971,421509.814947343,"YLLs"
"401","HeB",493,"Ischemic heart disease","15-25",2,184.631131010047,238490.213970008,"YLLs"
"402","HeB",493,"Ischemic heart disease","36-40",1,2273.48221753174,226537.445912528,"YLLs"
"403","HeB",493,"Ischemic heart disease","26-30",2,356.642622208802,312723.056122878,"YLLs"
"404","HeB",493,"Ischemic heart disease","41-59",1,1822.0515656648,70326.4645857268,"YLLs"
"405","HeB",493,"Ischemic heart disease","26-30",1,1180.0179389599,343290.741879975,"YLLs"
"406","HeB",493,"Ischemic heart disease","15-25",1,477.708188064373,263915.22167522,"YLLs"
"407","HeB",493,"Ischemic heart disease","36-40",2,525.105098136889,203616.211496003,"YLLs"
"408","HeB",493,"Ischemic heart disease","31-35",1,3203.86016967875,466536.650506972,"YLLs"
"409","HeB",493,"Ischemic heart disease","31-35",2,798.861657348781,421509.814947343,"YLLs"
"410","HeB",493,"Ischemic heart disease","41-59",2,573.506981868512,63627.559427125,"YLLs"
"411","HeB",494,"Stroke","26-30",2,304.935099223755,312723.056122878,"YLLs"
"412","HeB",494,"Stroke","41-59",1,1944.05662955564,70326.4645857268,"YLLs"
"413","HeB",494,"Stroke","41-59",2,797.894749196145,63627.559427125,"YLLs"
"414","HeB",494,"Stroke","15-25",1,457.342421597731,263915.22167522,"YLLs"
"415","HeB",494,"Stroke","36-40",2,542.470242618736,203616.211496003,"YLLs"
"416","HeB",494,"Stroke","31-35",1,2605.33854674463,466536.650506972,"YLLs"
"417","HeB",494,"Stroke","31-35",2,674.471868512887,421509.814947343,"YLLs"
"418","HeB",494,"Stroke","26-30",1,976.353688524596,343290.741879975,"YLLs"
"419","HeB",494,"Stroke","15-25",2,168.977293030343,238490.213970008,"YLLs"
"420","HeB",494,"Stroke","36-40",1,1962.78610626045,226537.445912528,"YLLs"
"421","HeB",509,"Chronic obstructive pulmonary disease","26-30",2,45.2211975514396,312723.056122878,"YLLs"
"422","HeB",509,"Chronic obstructive pulmonary disease","41-59",2,139.528915903042,63627.559427125,"YLLs"
"423","HeB",509,"Chronic obstructive pulmonary disease","36-40",1,156.716575220253,226537.445912528,"YLLs"
"424","HeB",509,"Chronic obstructive pulmonary disease","15-25",1,42.4306040736265,263915.22167522,"YLLs"
"425","HeB",509,"Chronic obstructive pulmonary disease","26-30",1,78.9059965102532,343290.741879975,"YLLs"
"426","HeB",509,"Chronic obstructive pulmonary disease","36-40",2,84.317909146489,203616.211496003,"YLLs"
"427","HeB",509,"Chronic obstructive pulmonary disease","41-59",1,312.641313541753,70326.4645857268,"YLLs"
"428","HeB",509,"Chronic obstructive pulmonary disease","31-35",1,220.254701483784,466536.650506972,"YLLs"
"429","HeB",509,"Chronic obstructive pulmonary disease","31-35",2,114.776856709434,421509.814947343,"YLLs"
"430","HeB",509,"Chronic obstructive pulmonary disease","15-25",2,25.1910814732524,238490.213970008,"YLLs"
"431","HeB",515,"Asthma","41-59",1,20.4424814195157,70326.4645857268,"YLLs"
"432","HeB",515,"Asthma","36-40",1,28.7353083877533,226537.445912528,"YLLs"
"433","HeB",515,"Asthma","26-30",2,13.778962297589,312723.056122878,"YLLs"
"434","HeB",515,"Asthma","15-25",1,11.6399645430966,263915.22167522,"YLLs"
"435","HeB",515,"Asthma","26-30",1,29.2925109184044,343290.741879975,"YLLs"
"436","HeB",515,"Asthma","36-40",2,17.9229922274916,203616.211496003,"YLLs"
"437","HeB",515,"Asthma","15-25",2,7.59743967055629,238490.213970008,"YLLs"
"438","HeB",515,"Asthma","31-35",1,48.1640305249604,466536.650506972,"YLLs"
"439","HeB",515,"Asthma","31-35",2,27.5426989554135,421509.814947343,"YLLs"
"440","HeB",515,"Asthma","41-59",2,10.99639183598,63627.559427125,"YLLs"
"441","HeB",543,"Alzheimer's disease and other dementias","36-40",1,0,226537.445912528,"YLLs"
"442","HeB",543,"Alzheimer's disease and other dementias","31-35",1,0,466536.650506972,"YLLs"
"443","HeB",543,"Alzheimer's disease and other dementias","15-25",1,0,263915.22167522,"YLLs"
"444","HeB",543,"Alzheimer's disease and other dementias","26-30",2,0,312723.056122878,"YLLs"
"445","HeB",543,"Alzheimer's disease and other dementias","41-59",1,43.9584697340459,70326.4645857268,"YLLs"
"446","HeB",543,"Alzheimer's disease and other dementias","31-35",2,0,421509.814947343,"YLLs"
"447","HeB",543,"Alzheimer's disease and other dementias","41-59",2,44.8223268848875,63627.559427125,"YLLs"
"448","HeB",543,"Alzheimer's disease and other dementias","26-30",1,0,343290.741879975,"YLLs"
"449","HeB",543,"Alzheimer's disease and other dementias","36-40",2,0,203616.211496003,"YLLs"
"450","HeB",543,"Alzheimer's disease and other dementias","15-25",2,0,238490.213970008,"YLLs"
"451","HeB",544,"Parkinson's disease","26-30",2,0.310936517241185,312723.056122878,"YLLs"
"452","HeB",544,"Parkinson's disease","36-40",1,1.64389703958117,226537.445912528,"YLLs"
"453","HeB",544,"Parkinson's disease","15-25",1,0.415320528379966,263915.22167522,"YLLs"
"454","HeB",544,"Parkinson's disease","15-25",2,0.0592955466104331,238490.213970008,"YLLs"
"455","HeB",544,"Parkinson's disease","31-35",2,1.22571090267313,421509.814947343,"YLLs"
"456","HeB",544,"Parkinson's disease","41-59",1,19.3885364259522,70326.4645857268,"YLLs"
"457","HeB",544,"Parkinson's disease","26-30",1,0.874085193404964,343290.741879975,"YLLs"
"458","HeB",544,"Parkinson's disease","31-35",1,3.23071448909284,466536.650506972,"YLLs"
"459","HeB",544,"Parkinson's disease","36-40",2,0.727296598180279,203616.211496003,"YLLs"
"460","HeB",544,"Parkinson's disease","41-59",2,10.3716776159082,63627.559427125,"YLLs"
"461","HeB",689,"Road injuries","15-25",1,3449.42666508247,263915.22167522,"YLLs"
"462","HeB",689,"Road injuries","36-40",1,3359.01311111095,226537.445912528,"YLLs"
"463","HeB",689,"Road injuries","41-59",1,925.447744620941,70326.4645857268,"YLLs"
"464","HeB",689,"Road injuries","41-59",2,260.260764520576,63627.559427125,"YLLs"
"465","HeB",689,"Road injuries","31-35",1,7824.39995027639,466536.650506972,"YLLs"
"466","HeB",689,"Road injuries","36-40",2,726.796611202238,203616.211496003,"YLLs"
"467","HeB",689,"Road injuries","26-30",1,5323.86221965979,343290.741879975,"YLLs"
"468","HeB",689,"Road injuries","31-35",2,1492.19245723596,421509.814947343,"YLLs"
"469","HeB",689,"Road injuries","15-25",2,854.59611801104,238490.213970008,"YLLs"
"470","HeB",689,"Road injuries","26-30",2,1012.1511790737,312723.056122878,"YLLs"
"471","HeB",976,"Diabetes mellitus type 2","26-30",1,39.4236427555998,343290.741879975,"YLLs"
"472","HeB",976,"Diabetes mellitus type 2","15-25",2,11.7829554184415,238490.213970008,"YLLs"
"473","HeB",976,"Diabetes mellitus type 2","41-59",1,152.997707556218,70326.4645857268,"YLLs"
"474","HeB",976,"Diabetes mellitus type 2","26-30",2,22.7865582468322,312723.056122878,"YLLs"
"475","HeB",976,"Diabetes mellitus type 2","36-40",2,37.0106681285294,203616.211496003,"YLLs"
"476","HeB",976,"Diabetes mellitus type 2","15-25",1,13.1480538584899,263915.22167522,"YLLs"
"477","HeB",976,"Diabetes mellitus type 2","31-35",1,153.636417254243,466536.650506972,"YLLs"
"478","HeB",976,"Diabetes mellitus type 2","36-40",1,111.964241736972,226537.445912528,"YLLs"
"479","HeB",976,"Diabetes mellitus type 2","31-35",2,49.6895385530981,421509.814947343,"YLLs"
"480","HeB",976,"Diabetes mellitus type 2","41-59",2,88.1488488846165,63627.559427125,"YLLs"
